trial,testing,parameters,initial_deadline,final_deadline,net_reward,actions,success
1,False,"{'a': 0.5, 'e': 1.0}",20,0,-66.23329185090721,"{0: 14, 1: 3, 2: 1, 3: 1, 4: 1}",0
2,False,"{'a': 0.5, 'e': 0.99}",20,0,-133.89124907715174,"{0: 8, 1: 2, 2: 8, 3: 1, 4: 1}",0
3,False,"{'a': 0.5, 'e': 0.9801}",30,0,-199.78496146489982,"{0: 18, 1: 3, 2: 5, 3: 0, 4: 4}",0
4,False,"{'a': 0.5, 'e': 0.970299}",30,0,-139.4250008070391,"{0: 20, 1: 2, 2: 5, 3: 1, 4: 2}",0
5,False,"{'a': 0.5, 'e': 0.96059601}",20,15,2.374478985165327,"{0: 4, 1: 1, 2: 0, 3: 0, 4: 0}",1
6,False,"{'a': 0.5, 'e': 0.9509900498999999}",20,0,-6.565531739744768,"{0: 17, 1: 0, 2: 3, 3: 0, 4: 0}",0
7,False,"{'a': 0.5, 'e': 0.941480149401}",25,0,-114.92707268211203,"{0: 16, 1: 2, 2: 3, 3: 3, 4: 1}",0
8,False,"{'a': 0.5, 'e': 0.9320653479069899}",20,0,-147.90101890230588,"{0: 13, 1: 0, 2: 4, 3: 0, 4: 3}",0
9,False,"{'a': 0.5, 'e': 0.9227446944279201}",20,0,-65.8063965864486,"{0: 14, 1: 2, 2: 3, 3: 0, 4: 1}",0
10,False,"{'a': 0.5, 'e': 0.9135172474836408}",25,9,-23.577092887820882,"{0: 13, 1: 0, 2: 2, 3: 1, 4: 0}",1
11,False,"{'a': 0.5, 'e': 0.9043820750088044}",20,0,-96.56255917437106,"{0: 12, 1: 1, 2: 5, 3: 1, 4: 1}",0
12,False,"{'a': 0.5, 'e': 0.8953382542587164}",20,0,-39.20394913506549,"{0: 17, 1: 1, 2: 1, 3: 0, 4: 1}",0
13,False,"{'a': 0.5, 'e': 0.8863848717161292}",25,0,-51.74332850135648,"{0: 17, 1: 2, 2: 5, 3: 1, 4: 0}",0
14,False,"{'a': 0.5, 'e': 0.8775210229989678}",25,0,-50.5746508592769,"{0: 17, 1: 4, 2: 3, 3: 1, 4: 0}",0
15,False,"{'a': 0.5, 'e': 0.8687458127689782}",20,0,-108.82221243694939,"{0: 13, 1: 1, 2: 4, 3: 0, 4: 2}",0
16,False,"{'a': 0.5, 'e': 0.8600583546412884}",25,0,-141.56878424581262,"{0: 17, 1: 2, 2: 3, 3: 0, 4: 3}",0
17,False,"{'a': 0.5, 'e': 0.8514577710948755}",30,0,-51.07606913123663,"{0: 25, 1: 2, 2: 1, 3: 1, 4: 1}",0
18,False,"{'a': 0.5, 'e': 0.8429431933839268}",25,0,-86.26335943206226,"{0: 19, 1: 2, 2: 2, 3: 0, 4: 2}",0
19,False,"{'a': 0.5, 'e': 0.8345137614500875}",30,0,-65.44914798294971,"{0: 24, 1: 0, 2: 5, 3: 0, 4: 1}",0
20,False,"{'a': 0.5, 'e': 0.8261686238355866}",20,0,-49.05981784577185,"{0: 14, 1: 0, 2: 5, 3: 1, 4: 0}",0
21,False,"{'a': 0.5, 'e': 0.8179069375972308}",25,0,2.9644448794679272,"{0: 21, 1: 2, 2: 2, 3: 0, 4: 0}",0
22,False,"{'a': 0.5, 'e': 0.8097278682212584}",25,0,-171.54668831959677,"{0: 15, 1: 4, 2: 1, 3: 2, 4: 3}",0
23,False,"{'a': 0.5, 'e': 0.8016305895390459}",25,0,-44.07699075383978,"{0: 21, 1: 0, 2: 3, 3: 0, 4: 1}",0
24,False,"{'a': 0.5, 'e': 0.7936142836436554}",25,0,-149.97521837691878,"{0: 14, 1: 2, 2: 7, 3: 0, 4: 2}",0
25,False,"{'a': 0.5, 'e': 0.7856781408072188}",20,0,-11.3020536264371,"{0: 16, 1: 2, 2: 2, 3: 0, 4: 0}",0
26,False,"{'a': 0.5, 'e': 0.7778213593991467}",30,10,-62.072251952052184,"{0: 12, 1: 1, 2: 6, 3: 1, 4: 0}",1
27,False,"{'a': 0.5, 'e': 0.7700431458051551}",25,0,-90.5850544775906,"{0: 16, 1: 6, 2: 1, 3: 0, 4: 2}",0
28,False,"{'a': 0.5, 'e': 0.7623427143471035}",20,0,-153.20396171049498,"{0: 10, 1: 1, 2: 6, 3: 1, 4: 2}",0
29,False,"{'a': 0.5, 'e': 0.7547192872036325}",25,0,-115.25218364627494,"{0: 16, 1: 3, 2: 4, 3: 0, 4: 2}",0
30,False,"{'a': 0.5, 'e': 0.7471720943315961}",20,6,-24.745995849799094,"{0: 9, 1: 2, 2: 3, 3: 0, 4: 0}",1
31,False,"{'a': 0.5, 'e': 0.7397003733882802}",30,0,-83.71227797062903,"{0: 25, 1: 0, 2: 3, 3: 0, 4: 2}",0
32,False,"{'a': 0.5, 'e': 0.7323033696543975}",20,0,-120.54636372525104,"{0: 12, 1: 1, 2: 5, 3: 0, 4: 2}",0
33,False,"{'a': 0.5, 'e': 0.7249803359578535}",30,0,-124.0001872435211,"{0: 21, 1: 2, 2: 4, 3: 1, 4: 2}",0
34,False,"{'a': 0.5, 'e': 0.7177305325982749}",35,0,-203.91100200640008,"{0: 20, 1: 4, 2: 7, 3: 1, 4: 3}",0
35,False,"{'a': 0.5, 'e': 0.7105532272722921}",20,0,-161.73429751114563,"{0: 10, 1: 3, 2: 4, 3: 0, 4: 3}",0
36,False,"{'a': 0.5, 'e': 0.7034476949995692}",25,13,-5.496361968606493,"{0: 10, 1: 0, 2: 2, 3: 0, 4: 0}",1
37,False,"{'a': 0.5, 'e': 0.6964132180495735}",20,0,-47.40998250520347,"{0: 15, 1: 3, 2: 1, 3: 0, 4: 1}",0
38,False,"{'a': 0.5, 'e': 0.6894490858690778}",20,0,-156.25243175534507,"{0: 13, 1: 2, 2: 1, 3: 0, 4: 4}",1
39,False,"{'a': 0.5, 'e': 0.682554595010387}",20,0,-104.62585085208826,"{0: 14, 1: 0, 2: 4, 3: 0, 4: 2}",0
40,False,"{'a': 0.5, 'e': 0.6757290490602831}",30,0,-178.97577856995878,"{0: 20, 1: 1, 2: 4, 3: 2, 4: 3}",0
41,False,"{'a': 0.5, 'e': 0.6689717585696803}",30,13,-31.846065500536458,"{0: 12, 1: 0, 2: 5, 3: 0, 4: 0}",1
42,False,"{'a': 0.5, 'e': 0.6622820409839835}",25,0,-123.19802307198482,"{0: 16, 1: 0, 2: 6, 3: 2, 4: 1}",0
43,False,"{'a': 0.5, 'e': 0.6556592205741436}",25,0,-149.60315068500506,"{0: 18, 1: 0, 2: 3, 3: 1, 4: 3}",0
44,False,"{'a': 0.5, 'e': 0.6491026283684022}",25,20,8.118809453979472,"{0: 5, 1: 0, 2: 0, 3: 0, 4: 0}",1
45,False,"{'a': 0.5, 'e': 0.6426116020847181}",25,0,-88.24050771127531,"{0: 19, 1: 1, 2: 3, 3: 0, 4: 2}",0
46,False,"{'a': 0.5, 'e': 0.6361854860638709}",20,4,-110.35136174872234,"{0: 9, 1: 1, 2: 4, 3: 0, 4: 2}",1
47,False,"{'a': 0.5, 'e': 0.6298236312032323}",20,0,-16.556649356961127,"{0: 16, 1: 0, 2: 4, 3: 0, 4: 0}",0
48,False,"{'a': 0.5, 'e': 0.6235253948912}",20,3,16.712884919846072,"{0: 16, 1: 0, 2: 1, 3: 0, 4: 0}",1
49,False,"{'a': 0.5, 'e': 0.617290140942288}",25,0,-64.15444971635122,"{0: 21, 1: 1, 2: 1, 3: 0, 4: 2}",0
50,False,"{'a': 0.5, 'e': 0.611117239532865}",20,1,-153.86271188080278,"{0: 12, 1: 0, 2: 3, 3: 1, 4: 3}",1
51,False,"{'a': 0.5, 'e': 0.6050060671375364}",20,0,-48.18987694260386,"{0: 14, 1: 0, 2: 5, 3: 1, 4: 0}",0
52,False,"{'a': 0.5, 'e': 0.598956006466161}",25,0,-47.236373023493904,"{0: 19, 1: 2, 2: 2, 3: 2, 4: 0}",0
53,False,"{'a': 0.5, 'e': 0.5929664464014994}",20,0,-37.72851481731048,"{0: 17, 1: 1, 2: 1, 3: 0, 4: 1}",0
54,False,"{'a': 0.5, 'e': 0.5870367819374844}",20,2,-149.30427685485378,"{0: 8, 1: 2, 2: 5, 3: 1, 4: 2}",1
55,False,"{'a': 0.5, 'e': 0.5811664141181095}",20,8,-2.709801613471163,"{0: 9, 1: 3, 2: 0, 3: 0, 4: 0}",1
56,False,"{'a': 0.5, 'e': 0.5753547499769285}",20,0,-75.69091694098508,"{0: 14, 1: 0, 2: 5, 3: 0, 4: 1}",0
57,False,"{'a': 0.5, 'e': 0.5696012024771592}",20,0,-48.29832153842335,"{0: 17, 1: 0, 2: 1, 3: 1, 4: 1}",0
58,False,"{'a': 0.5, 'e': 0.5639051904523875}",20,8,-36.196075392325284,"{0: 8, 1: 0, 2: 3, 3: 1, 4: 0}",1
59,False,"{'a': 0.5, 'e': 0.5582661385478637}",25,18,10.354814185097574,"{0: 7, 1: 0, 2: 0, 3: 0, 4: 0}",1
60,False,"{'a': 0.5, 'e': 0.5526834771623851}",20,0,2.3784621432499047,"{0: 19, 1: 0, 2: 0, 3: 1, 4: 0}",0
61,False,"{'a': 0.5, 'e': 0.5471566423907612}",35,4,-54.40680876893224,"{0: 24, 1: 2, 2: 4, 3: 0, 4: 1}",1
62,False,"{'a': 0.5, 'e': 0.5416850759668536}",25,6,-15.750232287816074,"{0: 16, 1: 0, 2: 2, 3: 1, 4: 0}",1
63,False,"{'a': 0.5, 'e': 0.536268225207185}",30,23,4.916122744780535,"{0: 6, 1: 1, 2: 0, 3: 0, 4: 0}",1
64,False,"{'a': 0.5, 'e': 0.5309055429551132}",20,2,-10.806195534310786,"{0: 13, 1: 4, 2: 1, 3: 0, 4: 0}",1
65,False,"{'a': 0.5, 'e': 0.525596487525562}",25,15,3.2846777457243115,"{0: 9, 1: 0, 2: 1, 3: 0, 4: 0}",1
66,False,"{'a': 0.5, 'e': 0.5203405226503064}",30,0,-117.59780122682183,"{0: 22, 1: 1, 2: 4, 3: 1, 4: 2}",0
67,False,"{'a': 0.5, 'e': 0.5151371174238033}",20,0,-31.02634773050265,"{0: 17, 1: 1, 2: 1, 3: 0, 4: 1}",0
68,False,"{'a': 0.5, 'e': 0.5099857462495653}",20,7,-14.369179281702962,"{0: 11, 1: 0, 2: 1, 3: 1, 4: 0}",1
69,False,"{'a': 0.5, 'e': 0.5048858887870696}",20,0,-84.95202862941557,"{0: 16, 1: 0, 2: 2, 3: 0, 4: 2}",0
70,False,"{'a': 0.5, 'e': 0.4998370298991989}",20,0,4.9911821673417585,"{0: 18, 1: 0, 2: 2, 3: 0, 4: 0}",0
71,False,"{'a': 0.5, 'e': 0.49483865960020695}",20,0,-16.665007009608225,"{0: 16, 1: 2, 2: 1, 3: 1, 4: 0}",0
72,False,"{'a': 0.5, 'e': 0.4898902730042049}",20,0,-45.090900273199445,"{0: 16, 1: 0, 2: 3, 3: 0, 4: 1}",0
73,False,"{'a': 0.5, 'e': 0.48499137027416284}",25,13,10.447966635837062,"{0: 11, 1: 0, 2: 1, 3: 0, 4: 0}",1
74,False,"{'a': 0.5, 'e': 0.4801414565714212}",20,10,-28.87832212725826,"{0: 8, 1: 1, 2: 0, 3: 0, 4: 1}",1
75,False,"{'a': 0.5, 'e': 0.47534004200570695}",20,0,-77.30567924774026,"{0: 16, 1: 0, 2: 2, 3: 0, 4: 2}",0
76,False,"{'a': 0.5, 'e': 0.4705866415856499}",25,0,-15.208484256486097,"{0: 20, 1: 3, 2: 1, 3: 1, 4: 0}",0
77,False,"{'a': 0.5, 'e': 0.46588077516979337}",20,13,-6.460048289010742,"{0: 6, 1: 0, 2: 0, 3: 1, 4: 0}",1
78,False,"{'a': 0.5, 'e': 0.46122196741809546}",20,0,-58.2249996007391,"{0: 15, 1: 0, 2: 4, 3: 0, 4: 1}",0
79,False,"{'a': 0.5, 'e': 0.4566097477439145}",30,2,9.370762975011964,"{0: 25, 1: 1, 2: 2, 3: 0, 4: 0}",1
80,False,"{'a': 0.5, 'e': 0.45204365026647536}",30,0,-26.237703941415205,"{0: 26, 1: 1, 2: 2, 3: 0, 4: 1}",0
81,False,"{'a': 0.5, 'e': 0.4475232137638106}",25,0,-32.09811799041127,"{0: 20, 1: 1, 2: 3, 3: 1, 4: 0}",0
82,False,"{'a': 0.5, 'e': 0.4430479816261725}",20,2,-43.34508021062005,"{0: 14, 1: 0, 2: 3, 3: 0, 4: 1}",1
83,False,"{'a': 0.5, 'e': 0.43861750180991077}",25,11,27.398423726752114,"{0: 14, 1: 0, 2: 0, 3: 0, 4: 0}",1
84,False,"{'a': 0.5, 'e': 0.43423132679181164}",35,0,-48.558620393635195,"{0: 29, 1: 0, 2: 5, 3: 0, 4: 1}",0
85,False,"{'a': 0.5, 'e': 0.4298890135238935}",20,0,-22.207038776930894,"{0: 15, 1: 2, 2: 3, 3: 0, 4: 0}",0
86,False,"{'a': 0.5, 'e': 0.4255901233886546}",30,16,21.01713725617164,"{0: 14, 1: 0, 2: 0, 3: 0, 4: 0}",1
87,False,"{'a': 0.5, 'e': 0.421334222154768}",25,11,-12.343171096375757,"{0: 11, 1: 0, 2: 3, 3: 0, 4: 0}",1
88,False,"{'a': 0.5, 'e': 0.41712087993322033}",20,9,19.48540789496188,"{0: 11, 1: 0, 2: 0, 3: 0, 4: 0}",1
89,False,"{'a': 0.5, 'e': 0.41294967113388814}",20,6,22.04212102594658,"{0: 14, 1: 0, 2: 0, 3: 0, 4: 0}",1
90,False,"{'a': 0.5, 'e': 0.40882017442254925}",25,14,-2.2275170394709036,"{0: 10, 1: 0, 2: 0, 3: 1, 4: 0}",1
91,False,"{'a': 0.5, 'e': 0.4047319726783238}",25,3,-22.186603782352606,"{0: 18, 1: 1, 2: 2, 3: 1, 4: 0}",1
92,False,"{'a': 0.5, 'e': 0.40068465295154054}",25,0,-51.06144190674454,"{0: 21, 1: 0, 2: 2, 3: 1, 4: 1}",0
93,False,"{'a': 0.5, 'e': 0.3966778064220251}",35,0,-40.28868713279399,"{0: 31, 1: 1, 2: 1, 3: 1, 4: 1}",0
94,False,"{'a': 0.5, 'e': 0.39271102835780486}",20,0,25.124624139406386,"{0: 19, 1: 1, 2: 0, 3: 0, 4: 0}",0
95,False,"{'a': 0.5, 'e': 0.3887839180742268}",25,0,-86.46611295181917,"{0: 19, 1: 0, 2: 3, 3: 2, 4: 1}",0
96,False,"{'a': 0.5, 'e': 0.38489607889348454}",25,1,-50.171508275958985,"{0: 19, 1: 1, 2: 3, 3: 0, 4: 1}",1
97,False,"{'a': 0.5, 'e': 0.38104711810454966}",25,10,-29.328051173621073,"{0: 13, 1: 0, 2: 1, 3: 0, 4: 1}",1
98,False,"{'a': 0.5, 'e': 0.37723664692350417}",30,0,-106.36656297748274,"{0: 21, 1: 3, 2: 4, 3: 0, 4: 2}",0
99,False,"{'a': 0.5, 'e': 0.37346428045426916}",20,6,12.88101702361395,"{0: 13, 1: 0, 2: 1, 3: 0, 4: 0}",1
100,False,"{'a': 0.5, 'e': 0.36972963764972644}",20,11,-3.1865814011741644,"{0: 7, 1: 1, 2: 1, 3: 0, 4: 0}",1
101,False,"{'a': 0.5, 'e': 0.3660323412732292}",20,0,-72.56073590814327,"{0: 14, 1: 1, 2: 3, 3: 1, 4: 1}",0
102,False,"{'a': 0.5, 'e': 0.3623720178604969}",20,6,-44.86656075002394,"{0: 11, 1: 0, 2: 2, 3: 0, 4: 1}",1
103,False,"{'a': 0.5, 'e': 0.3587482976818919}",20,0,-26.21933204571868,"{0: 16, 1: 0, 2: 3, 3: 1, 4: 0}",1
104,False,"{'a': 0.5, 'e': 0.355160814705073}",20,4,-16.484958040475874,"{0: 12, 1: 1, 2: 3, 3: 0, 4: 0}",1
105,False,"{'a': 0.5, 'e': 0.35160920655802225}",25,0,-37.723676688591105,"{0: 20, 1: 2, 2: 2, 3: 0, 4: 1}",0
106,False,"{'a': 0.5, 'e': 0.348093114492442}",30,12,-62.930396302550115,"{0: 12, 1: 1, 2: 4, 3: 0, 4: 1}",1
107,False,"{'a': 0.5, 'e': 0.3446121833475176}",25,14,-27.341920378659683,"{0: 8, 1: 0, 2: 2, 3: 1, 4: 0}",1
108,False,"{'a': 0.5, 'e': 0.34116606151404244}",20,8,6.98250532074374,"{0: 10, 1: 2, 2: 0, 3: 0, 4: 0}",1
109,False,"{'a': 0.5, 'e': 0.337754400898902}",20,0,4.316708903200845,"{0: 17, 1: 1, 2: 2, 3: 0, 4: 0}",0
110,False,"{'a': 0.5, 'e': 0.334376856889913}",20,0,-1.0770827987870872,"{0: 17, 1: 1, 2: 2, 3: 0, 4: 0}",0
111,False,"{'a': 0.5, 'e': 0.33103308832101386}",20,9,0.8760985613902414,"{0: 9, 1: 1, 2: 1, 3: 0, 4: 0}",1
112,False,"{'a': 0.5, 'e': 0.3277227574378037}",25,0,-38.73532193236078,"{0: 21, 1: 0, 2: 3, 3: 0, 4: 1}",1
113,False,"{'a': 0.5, 'e': 0.3244455298634257}",25,20,10.073729413443033,"{0: 5, 1: 0, 2: 0, 3: 0, 4: 0}",1
114,False,"{'a': 0.5, 'e': 0.3212010745647914}",20,0,-55.82448875361304,"{0: 17, 1: 0, 2: 0, 3: 2, 4: 1}",0
115,False,"{'a': 0.5, 'e': 0.3179890638191435}",20,0,15.189599277151407,"{0: 18, 1: 1, 2: 1, 3: 0, 4: 0}",0
116,False,"{'a': 0.5, 'e': 0.31480917318095203}",35,18,6.369378947566279,"{0: 15, 1: 0, 2: 2, 3: 0, 4: 0}",1
117,False,"{'a': 0.5, 'e': 0.3116610814491425}",20,11,-6.145364143956657,"{0: 8, 1: 0, 2: 0, 3: 1, 4: 0}",1
118,False,"{'a': 0.5, 'e': 0.30854447063465107}",25,11,-13.048897663597693,"{0: 11, 1: 0, 2: 3, 3: 0, 4: 0}",1
119,False,"{'a': 0.5, 'e': 0.3054590259283046}",30,5,-5.55520972517364,"{0: 22, 1: 0, 2: 2, 3: 1, 4: 0}",1
120,False,"{'a': 0.5, 'e': 0.30240443566902153}",25,0,-30.282011785927537,"{0: 22, 1: 0, 2: 2, 3: 0, 4: 1}",0
121,False,"{'a': 0.5, 'e': 0.2993803913123313}",20,0,32.49951558516589,"{0: 20, 1: 0, 2: 0, 3: 0, 4: 0}",0
122,False,"{'a': 0.5, 'e': 0.296386587399208}",25,11,-26.96838168372297,"{0: 9, 1: 3, 2: 1, 3: 1, 4: 0}",1
123,False,"{'a': 0.5, 'e': 0.2934227215252159}",25,0,-28.995257042301052,"{0: 21, 1: 0, 2: 2, 3: 2, 4: 0}",0
124,False,"{'a': 0.5, 'e': 0.29048849430996376}",25,19,12.042754755287936,"{0: 6, 1: 0, 2: 0, 3: 0, 4: 0}",1
125,False,"{'a': 0.5, 'e': 0.2875836093668641}",20,9,-9.846906565352299,"{0: 9, 1: 0, 2: 1, 3: 1, 4: 0}",1
126,False,"{'a': 0.5, 'e': 0.28470777327319546}",25,13,24.25690211947916,"{0: 12, 1: 0, 2: 0, 3: 0, 4: 0}",1
127,False,"{'a': 0.5, 'e': 0.2818606955404635}",20,9,-17.45298276248053,"{0: 10, 1: 0, 2: 0, 3: 0, 4: 1}",1
128,False,"{'a': 0.5, 'e': 0.27904208858505886}",20,13,-7.599800720598133,"{0: 6, 1: 0, 2: 0, 3: 1, 4: 0}",1
129,False,"{'a': 0.5, 'e': 0.2762516676992083}",30,5,-55.70402571424914,"{0: 22, 1: 0, 2: 1, 3: 0, 4: 2}",1
130,False,"{'a': 0.5, 'e': 0.2734891510222162}",25,5,25.053180528260853,"{0: 19, 1: 0, 2: 1, 3: 0, 4: 0}",1
131,False,"{'a': 0.5, 'e': 0.27075425951199406}",20,1,-4.800356641601307,"{0: 16, 1: 2, 2: 0, 3: 1, 4: 0}",1
132,False,"{'a': 0.5, 'e': 0.2680467169168741}",25,0,-92.84460844713574,"{0: 22, 1: 0, 2: 0, 3: 0, 4: 3}",0
133,False,"{'a': 0.5, 'e': 0.26536624974770534}",25,12,-53.39919502353497,"{0: 10, 1: 0, 2: 1, 3: 1, 4: 1}",1
134,False,"{'a': 0.5, 'e': 0.2627125872502283}",35,24,21.713724046310606,"{0: 11, 1: 0, 2: 0, 3: 0, 4: 0}",1
135,False,"{'a': 0.5, 'e': 0.26008546137772603}",25,8,1.2767833366024037,"{0: 15, 1: 0, 2: 2, 3: 0, 4: 0}",1
136,False,"{'a': 0.5, 'e': 0.25748460676394874}",20,11,15.692079160909644,"{0: 9, 1: 0, 2: 0, 3: 0, 4: 0}",1
137,False,"{'a': 0.5, 'e': 0.2549097606963093}",25,13,-28.53615511772977,"{0: 10, 1: 0, 2: 1, 3: 0, 4: 1}",1
138,False,"{'a': 0.5, 'e': 0.2523606630893462}",20,0,12.36720150727262,"{0: 18, 1: 1, 2: 1, 3: 0, 4: 0}",0
139,False,"{'a': 0.5, 'e': 0.2498370564584527}",20,2,-12.52415609243838,"{0: 14, 1: 1, 2: 3, 3: 0, 4: 0}",1
140,False,"{'a': 0.5, 'e': 0.24733868589386818}",25,0,33.94300293728775,"{0: 25, 1: 0, 2: 0, 3: 0, 4: 0}",0
141,False,"{'a': 0.5, 'e': 0.24486529903492948}",25,9,5.264479873042401,"{0: 14, 1: 1, 2: 1, 3: 0, 4: 0}",1
142,False,"{'a': 0.5, 'e': 0.2424166460445802}",20,12,15.825061430108184,"{0: 8, 1: 0, 2: 0, 3: 0, 4: 0}",1
143,False,"{'a': 0.5, 'e': 0.2399924795841344}",30,17,18.20020714965025,"{0: 12, 1: 1, 2: 0, 3: 0, 4: 0}",1
144,False,"{'a': 0.5, 'e': 0.23759255478829303}",20,0,-16.485435895183475,"{0: 19, 1: 0, 2: 0, 3: 0, 4: 1}",0
145,False,"{'a': 0.5, 'e': 0.23521662924041012}",30,23,14.170626095519179,"{0: 7, 1: 0, 2: 0, 3: 0, 4: 0}",1
146,False,"{'a': 0.5, 'e': 0.232864462948006}",25,11,7.60220390619442,"{0: 13, 1: 0, 2: 0, 3: 1, 4: 0}",1
147,False,"{'a': 0.5, 'e': 0.23053581831852593}",20,10,-35.55135925754056,"{0: 8, 1: 0, 2: 1, 3: 0, 4: 1}",1
148,False,"{'a': 0.5, 'e': 0.22823046013534068}",25,0,-32.38200770014302,"{0: 21, 1: 0, 2: 3, 3: 0, 4: 1}",0
149,False,"{'a': 0.5, 'e': 0.22594815553398728}",30,23,13.208408100461678,"{0: 7, 1: 0, 2: 0, 3: 0, 4: 0}",1
150,False,"{'a': 0.5, 'e': 0.2236886739786474}",35,0,2.7071756789270953,"{0: 33, 1: 1, 2: 0, 3: 0, 4: 1}",0
151,False,"{'a': 0.5, 'e': 0.22145178723886091}",20,11,11.097901579840292,"{0: 8, 1: 1, 2: 0, 3: 0, 4: 0}",1
152,False,"{'a': 0.5, 'e': 0.2192372693664723}",20,9,21.371483913535428,"{0: 11, 1: 0, 2: 0, 3: 0, 4: 0}",1
153,False,"{'a': 0.5, 'e': 0.21704489667280757}",35,13,-19.89639424071129,"{0: 20, 1: 0, 2: 1, 3: 0, 4: 1}",1
154,False,"{'a': 0.5, 'e': 0.2148744477060795}",30,0,24.897683132617665,"{0: 29, 1: 0, 2: 0, 3: 1, 4: 0}",0
155,False,"{'a': 0.5, 'e': 0.2127257032290187}",20,3,24.56143641933751,"{0: 17, 1: 0, 2: 0, 3: 0, 4: 0}",1
156,False,"{'a': 0.5, 'e': 0.21059844619672852}",20,7,22.25939247663862,"{0: 13, 1: 0, 2: 0, 3: 0, 4: 0}",1
157,False,"{'a': 0.5, 'e': 0.20849246173476124}",20,10,-44.180987656887,"{0: 8, 1: 0, 2: 0, 3: 1, 4: 1}",1
158,False,"{'a': 0.5, 'e': 0.2064075371174136}",25,16,-26.740375701448063,"{0: 8, 1: 0, 2: 0, 3: 0, 4: 1}",1
159,False,"{'a': 0.5, 'e': 0.20434346174623946}",20,2,-15.569523923820654,"{0: 17, 1: 0, 2: 0, 3: 0, 4: 1}",1
160,False,"{'a': 0.5, 'e': 0.2023000271287771}",25,15,-4.4111109574753815,"{0: 9, 1: 0, 2: 0, 3: 1, 4: 0}",1
161,False,"{'a': 0.5, 'e': 0.20027702685748933}",30,14,-11.621317629567498,"{0: 15, 1: 0, 2: 0, 3: 0, 4: 1}",1
162,False,"{'a': 0.5, 'e': 0.19827425658891443}",20,13,-52.2140671240368,"{0: 4, 1: 0, 2: 2, 3: 0, 4: 1}",1
163,False,"{'a': 0.5, 'e': 0.19629151402302528}",30,5,15.779772153576248,"{0: 23, 1: 0, 2: 2, 3: 0, 4: 0}",1
164,False,"{'a': 0.5, 'e': 0.19432859888279502}",20,0,28.406305944215045,"{0: 20, 1: 0, 2: 0, 3: 0, 4: 0}",0
165,False,"{'a': 0.5, 'e': 0.19238531289396707}",25,9,16.247110197607363,"{0: 15, 1: 0, 2: 1, 3: 0, 4: 0}",1
166,False,"{'a': 0.5, 'e': 0.1904614597650274}",25,11,21.093045936678205,"{0: 14, 1: 0, 2: 0, 3: 0, 4: 0}",1
167,False,"{'a': 0.5, 'e': 0.1885568451673771}",35,17,31.22456341110707,"{0: 18, 1: 0, 2: 0, 3: 0, 4: 0}",1
168,False,"{'a': 0.5, 'e': 0.18667127671570335}",20,16,8.27299166455116,"{0: 4, 1: 0, 2: 0, 3: 0, 4: 0}",1
169,False,"{'a': 0.5, 'e': 0.1848045639485463}",25,5,9.805138183048355,"{0: 18, 1: 0, 2: 2, 3: 0, 4: 0}",1
170,False,"{'a': 0.5, 'e': 0.18295651830906084}",30,20,18.392539403389936,"{0: 10, 1: 0, 2: 0, 3: 0, 4: 0}",1
171,False,"{'a': 0.5, 'e': 0.18112695312597024}",30,16,-53.35790219548168,"{0: 10, 1: 2, 2: 0, 3: 1, 4: 1}",1
172,False,"{'a': 0.5, 'e': 0.17931568359471053}",20,9,21.05776550597851,"{0: 11, 1: 0, 2: 0, 3: 0, 4: 0}",1
173,False,"{'a': 0.5, 'e': 0.17752252675876343}",30,13,12.000067546121276,"{0: 15, 1: 1, 2: 1, 3: 0, 4: 0}",1
174,False,"{'a': 0.5, 'e': 0.1757473014911758}",25,6,-74.89376040105155,"{0: 15, 1: 0, 2: 2, 3: 0, 4: 2}",1
175,False,"{'a': 0.5, 'e': 0.17398982847626404}",20,2,16.143148069019347,"{0: 17, 1: 0, 2: 1, 3: 0, 4: 0}",1
176,False,"{'a': 0.5, 'e': 0.1722499301915014}",25,19,4.3790969458365385,"{0: 5, 1: 1, 2: 0, 3: 0, 4: 0}",1
177,False,"{'a': 0.5, 'e': 0.17052743088958636}",20,16,7.184290458567945,"{0: 4, 1: 0, 2: 0, 3: 0, 4: 0}",1
178,False,"{'a': 0.5, 'e': 0.1688221565806905}",20,0,29.828374122485915,"{0: 20, 1: 0, 2: 0, 3: 0, 4: 0}",1
179,False,"{'a': 0.5, 'e': 0.1671339350148836}",25,11,22.594867260840896,"{0: 14, 1: 0, 2: 0, 3: 0, 4: 0}",1
180,False,"{'a': 0.5, 'e': 0.16546259566473476}",25,0,37.74938517485995,"{0: 25, 1: 0, 2: 0, 3: 0, 4: 0}",0
181,False,"{'a': 0.5, 'e': 0.16380796970808742}",25,0,-17.189428122512922,"{0: 22, 1: 2, 2: 0, 3: 0, 4: 1}",0
182,False,"{'a': 0.5, 'e': 0.16216989001100654}",20,14,12.021754553987288,"{0: 6, 1: 0, 2: 0, 3: 0, 4: 0}",1
183,False,"{'a': 0.5, 'e': 0.16054819111089647}",25,10,14.483953247831664,"{0: 14, 1: 0, 2: 1, 3: 0, 4: 0}",1
184,False,"{'a': 0.5, 'e': 0.1589427091997875}",25,14,7.442364058694196,"{0: 10, 1: 0, 2: 1, 3: 0, 4: 0}",1
185,False,"{'a': 0.5, 'e': 0.15735328210778962}",35,7,22.887952022946237,"{0: 26, 1: 0, 2: 2, 3: 0, 4: 0}",1
186,False,"{'a': 0.5, 'e': 0.15577974928671173}",25,14,21.302363190083057,"{0: 11, 1: 0, 2: 0, 3: 0, 4: 0}",1
187,False,"{'a': 0.5, 'e': 0.15422195179384462}",25,15,13.292827464833753,"{0: 10, 1: 0, 2: 0, 3: 0, 4: 0}",1
188,False,"{'a': 0.5, 'e': 0.15267973227590617}",20,10,19.06495922931432,"{0: 10, 1: 0, 2: 0, 3: 0, 4: 0}",1
189,False,"{'a': 0.5, 'e': 0.1511529349531471}",20,1,-14.81752016116183,"{0: 18, 1: 0, 2: 0, 3: 0, 4: 1}",1
190,False,"{'a': 0.5, 'e': 0.14964140560361563}",25,8,26.932154198921086,"{0: 17, 1: 0, 2: 0, 3: 0, 4: 0}",1
191,False,"{'a': 0.5, 'e': 0.14814499154757946}",20,12,16.422212250427915,"{0: 8, 1: 0, 2: 0, 3: 0, 4: 0}",1
192,False,"{'a': 0.5, 'e': 0.14666354163210368}",20,3,6.609944571653364,"{0: 16, 1: 0, 2: 0, 3: 1, 4: 0}",1
193,False,"{'a': 0.5, 'e': 0.14519690621578263}",30,17,-10.450215878162602,"{0: 11, 1: 0, 2: 1, 3: 1, 4: 0}",1
194,False,"{'a': 0.5, 'e': 0.1437449371536248}",20,8,7.904604227252345,"{0: 11, 1: 0, 2: 1, 3: 0, 4: 0}",1
195,False,"{'a': 0.5, 'e': 0.14230748778208857}",20,13,10.234567659867116,"{0: 7, 1: 0, 2: 0, 3: 0, 4: 0}",1
196,False,"{'a': 0.5, 'e': 0.14088441290426768}",30,12,13.164815433290782,"{0: 17, 1: 0, 2: 1, 3: 0, 4: 0}",1
197,False,"{'a': 0.5, 'e': 0.139475568775225}",20,0,30.909809263553573,"{0: 20, 1: 0, 2: 0, 3: 0, 4: 0}",0
198,False,"{'a': 0.5, 'e': 0.13808081308747275}",35,19,-25.112934091887574,"{0: 14, 1: 0, 2: 1, 3: 0, 4: 1}",1
199,False,"{'a': 0.5, 'e': 0.136700004956598}",20,10,7.351494062652004,"{0: 9, 1: 0, 2: 1, 3: 0, 4: 0}",1
200,False,"{'a': 0.5, 'e': 0.13533300490703204}",25,12,-18.721372813863592,"{0: 12, 1: 0, 2: 0, 3: 0, 4: 1}",1
201,False,"{'a': 0.5, 'e': 0.13397967485796172}",25,17,14.849847344584283,"{0: 8, 1: 0, 2: 0, 3: 0, 4: 0}",1
202,False,"{'a': 0.5, 'e': 0.1326398781093821}",20,12,19.333573297931846,"{0: 8, 1: 0, 2: 0, 3: 0, 4: 0}",1
203,False,"{'a': 0.5, 'e': 0.13131347932828827}",25,14,-2.424981069520042,"{0: 10, 1: 0, 2: 0, 3: 1, 4: 0}",1
204,False,"{'a': 0.5, 'e': 0.1300003445350054}",35,8,45.52179633308854,"{0: 27, 1: 0, 2: 0, 3: 0, 4: 0}",1
205,False,"{'a': 0.5, 'e': 0.12870034108965533}",25,19,11.330085889368004,"{0: 6, 1: 0, 2: 0, 3: 0, 4: 0}",1
206,False,"{'a': 0.5, 'e': 0.1274133376787588}",35,6,6.866643204946823,"{0: 26, 1: 1, 2: 1, 3: 1, 4: 0}",1
207,False,"{'a': 0.5, 'e': 0.12613920430197118}",30,17,24.61453039813812,"{0: 13, 1: 0, 2: 0, 3: 0, 4: 0}",1
208,False,"{'a': 0.5, 'e': 0.12487781225895148}",25,4,30.77842851121792,"{0: 21, 1: 0, 2: 0, 3: 0, 4: 0}",1
209,False,"{'a': 0.5, 'e': 0.12362903413636196}",30,12,28.058869822117334,"{0: 18, 1: 0, 2: 0, 3: 0, 4: 0}",1
210,False,"{'a': 0.5, 'e': 0.12239274379499834}",20,0,28.597806251867407,"{0: 20, 1: 0, 2: 0, 3: 0, 4: 0}",0
211,False,"{'a': 0.5, 'e': 0.12116881635704835}",20,1,4.8143603375157,"{0: 17, 1: 0, 2: 2, 3: 0, 4: 0}",1
212,False,"{'a': 0.5, 'e': 0.11995712819347787}",20,11,16.57532160683861,"{0: 9, 1: 0, 2: 0, 3: 0, 4: 0}",1
213,False,"{'a': 0.5, 'e': 0.11875755691154309}",20,2,-6.549784656777515,"{0: 15, 1: 0, 2: 3, 3: 0, 4: 0}",1
214,False,"{'a': 0.5, 'e': 0.11756998134242766}",20,0,31.59527398802822,"{0: 20, 1: 0, 2: 0, 3: 0, 4: 0}",0
215,False,"{'a': 0.5, 'e': 0.11639428152900338}",30,0,26.85680207365144,"{0: 29, 1: 0, 2: 1, 3: 0, 4: 0}",0
216,False,"{'a': 0.5, 'e': 0.11523033871371334}",30,8,23.086181026004613,"{0: 21, 1: 0, 2: 1, 3: 0, 4: 0}",1
217,False,"{'a': 0.5, 'e': 0.11407803532657622}",25,16,17.326220676261755,"{0: 9, 1: 0, 2: 0, 3: 0, 4: 0}",1
218,False,"{'a': 0.5, 'e': 0.11293725497331045}",25,15,-35.75590711635844,"{0: 8, 1: 0, 2: 1, 3: 0, 4: 1}",1
219,False,"{'a': 0.5, 'e': 0.11180788242357734}",25,8,-18.974218951098653,"{0: 15, 1: 0, 2: 1, 3: 0, 4: 1}",1
220,False,"{'a': 0.5, 'e': 0.11068980359934157}",25,13,-1.4726010339296822,"{0: 10, 1: 0, 2: 2, 3: 0, 4: 0}",1
221,False,"{'a': 0.5, 'e': 0.10958290556334815}",20,11,18.238622945148688,"{0: 9, 1: 0, 2: 0, 3: 0, 4: 0}",1
222,False,"{'a': 0.5, 'e': 0.10848707650771466}",30,5,42.57363251496763,"{0: 25, 1: 0, 2: 0, 3: 0, 4: 0}",1
223,False,"{'a': 0.5, 'e': 0.10740220574263752}",20,0,-59.964396800593306,"{0: 17, 1: 0, 2: 1, 3: 0, 4: 2}",0
224,False,"{'a': 0.5, 'e': 0.10632818368521114}",25,7,13.715954370003995,"{0: 16, 1: 1, 2: 1, 3: 0, 4: 0}",1
225,False,"{'a': 0.5, 'e': 0.10526490184835903}",30,12,-10.719843631689603,"{0: 17, 1: 0, 2: 0, 3: 0, 4: 1}",1
226,False,"{'a': 0.5, 'e': 0.10421225282987544}",25,13,-0.5363791501362858,"{0: 10, 1: 1, 2: 1, 3: 0, 4: 0}",1
227,False,"{'a': 0.5, 'e': 0.10317013030157668}",25,11,14.85078248892966,"{0: 13, 1: 0, 2: 1, 3: 0, 4: 0}",1
228,False,"{'a': 0.5, 'e': 0.10213842899856092}",20,3,29.52866222111116,"{0: 17, 1: 0, 2: 0, 3: 0, 4: 0}",1
229,False,"{'a': 0.5, 'e': 0.10111704470857531}",20,7,10.645113979783368,"{0: 12, 1: 0, 2: 1, 3: 0, 4: 0}",1
230,False,"{'a': 0.5, 'e': 0.10010587426148955}",30,6,16.668306176598346,"{0: 22, 1: 0, 2: 2, 3: 0, 4: 0}",1
231,False,"{'a': 0.5, 'e': 0.09910481551887466}",30,4,45.197084474928126,"{0: 26, 1: 0, 2: 0, 3: 0, 4: 0}",1
232,False,"{'a': 0.5, 'e': 0.0981137673636859}",25,18,14.563135822233223,"{0: 7, 1: 0, 2: 0, 3: 0, 4: 0}",1
233,False,"{'a': 0.5, 'e': 0.09713262969004906}",20,1,25.051779220408857,"{0: 19, 1: 0, 2: 0, 3: 0, 4: 0}",1
234,False,"{'a': 0.5, 'e': 0.09616130339314856}",20,0,-10.89478318697101,"{0: 19, 1: 0, 2: 0, 3: 0, 4: 1}",1
235,False,"{'a': 0.5, 'e': 0.09519969035921708}",20,10,17.684647852912708,"{0: 10, 1: 0, 2: 0, 3: 0, 4: 0}",1
236,False,"{'a': 0.5, 'e': 0.0942476934556249}",25,7,-6.884326938712111,"{0: 15, 1: 1, 2: 1, 3: 1, 4: 0}",1
237,False,"{'a': 0.5, 'e': 0.09330521652106866}",20,16,6.795293628565186,"{0: 4, 1: 0, 2: 0, 3: 0, 4: 0}",1
238,False,"{'a': 0.5, 'e': 0.09237216435585796}",25,3,37.88929197255718,"{0: 22, 1: 0, 2: 0, 3: 0, 4: 0}",1
239,False,"{'a': 0.5, 'e': 0.09144844271229938}",25,11,26.219910670234437,"{0: 14, 1: 0, 2: 0, 3: 0, 4: 0}",1
240,False,"{'a': 0.5, 'e': 0.0905339582851764}",20,0,30.077005874763763,"{0: 20, 1: 0, 2: 0, 3: 0, 4: 0}",0
241,False,"{'a': 0.5, 'e': 0.08962861870232462}",20,12,14.509441298196677,"{0: 8, 1: 0, 2: 0, 3: 0, 4: 0}",1
242,False,"{'a': 0.5, 'e': 0.08873233251530138}",25,16,13.809204392611182,"{0: 9, 1: 0, 2: 0, 3: 0, 4: 0}",1
243,False,"{'a': 0.5, 'e': 0.08784500919014836}",25,2,-55.431341185219,"{0: 19, 1: 0, 2: 1, 3: 2, 4: 1}",1
244,False,"{'a': 0.5, 'e': 0.08696655909824688}",20,14,8.80787939246613,"{0: 6, 1: 0, 2: 0, 3: 0, 4: 0}",1
245,False,"{'a': 0.5, 'e': 0.0860968935072644}",25,3,27.752209689168275,"{0: 21, 1: 0, 2: 1, 3: 0, 4: 0}",1
246,False,"{'a': 0.5, 'e': 0.08523592457219176}",25,19,10.224171455741002,"{0: 6, 1: 0, 2: 0, 3: 0, 4: 0}",1
247,False,"{'a': 0.5, 'e': 0.08438356532646984}",25,18,11.73300923166293,"{0: 7, 1: 0, 2: 0, 3: 0, 4: 0}",1
248,False,"{'a': 0.5, 'e': 0.08353972967320515}",30,18,-0.7983125327856415,"{0: 11, 1: 0, 2: 0, 3: 1, 4: 0}",1
249,False,"{'a': 0.5, 'e': 0.0827043323764731}",25,5,27.241668962713533,"{0: 19, 1: 1, 2: 0, 3: 0, 4: 0}",1
250,False,"{'a': 0.5, 'e': 0.08187728905270836}",30,22,-12.456126068831152,"{0: 7, 1: 0, 2: 0, 3: 1, 4: 0}",1
251,False,"{'a': 0.5, 'e': 0.08105851616218128}",25,14,11.995912006741012,"{0: 10, 1: 0, 2: 1, 3: 0, 4: 0}",1
252,False,"{'a': 0.5, 'e': 0.08024793100055946}",25,5,-19.275088146218227,"{0: 18, 1: 0, 2: 1, 3: 0, 4: 1}",1
253,False,"{'a': 0.5, 'e': 0.07944545169055386}",25,17,13.366145408568515,"{0: 8, 1: 0, 2: 0, 3: 0, 4: 0}",1
254,False,"{'a': 0.5, 'e': 0.07865099717364833}",25,11,-6.949988613872422,"{0: 12, 1: 0, 2: 1, 3: 1, 4: 0}",1
255,False,"{'a': 0.5, 'e': 0.07786448720191184}",25,3,-0.5400823368777503,"{0: 20, 1: 0, 2: 1, 3: 1, 4: 0}",1
256,False,"{'a': 0.5, 'e': 0.07708584232989273}",25,18,-16.262759044789348,"{0: 5, 1: 1, 2: 0, 3: 1, 4: 0}",1
257,False,"{'a': 0.5, 'e': 0.0763149839065938}",20,7,18.675914562824516,"{0: 13, 1: 0, 2: 0, 3: 0, 4: 0}",1
258,False,"{'a': 0.5, 'e': 0.07555183406752786}",25,18,12.106904006203246,"{0: 7, 1: 0, 2: 0, 3: 0, 4: 0}",1
259,False,"{'a': 0.5, 'e': 0.07479631572685258}",25,20,10.698694993546647,"{0: 5, 1: 0, 2: 0, 3: 0, 4: 0}",1
260,False,"{'a': 0.5, 'e': 0.07404835256958406}",25,14,17.22430284573063,"{0: 11, 1: 0, 2: 0, 3: 0, 4: 0}",1
261,False,"{'a': 0.5, 'e': 0.07330786904388821}",30,13,-19.79775601229758,"{0: 15, 1: 1, 2: 0, 3: 0, 4: 1}",1
262,False,"{'a': 0.5, 'e': 0.07257479035344933}",25,0,-11.673991660142065,"{0: 23, 1: 1, 2: 0, 3: 0, 4: 1}",1
263,False,"{'a': 0.5, 'e': 0.07184904244991484}",20,9,-29.89278732306773,"{0: 9, 1: 0, 2: 1, 3: 0, 4: 1}",1
264,False,"{'a': 0.5, 'e': 0.07113055202541568}",20,3,30.32870134817011,"{0: 17, 1: 0, 2: 0, 3: 0, 4: 0}",1
265,False,"{'a': 0.5, 'e': 0.07041924650516153}",20,6,21.092909839502912,"{0: 14, 1: 0, 2: 0, 3: 0, 4: 0}",1
266,False,"{'a': 0.5, 'e': 0.06971505404010991}",20,3,-17.39344328549636,"{0: 16, 1: 0, 2: 0, 3: 0, 4: 1}",1
267,False,"{'a': 0.5, 'e': 0.06901790349970881}",25,8,33.47380649133761,"{0: 17, 1: 0, 2: 0, 3: 0, 4: 0}",1
268,False,"{'a': 0.5, 'e': 0.06832772446471172}",20,9,19.4704474546713,"{0: 11, 1: 0, 2: 0, 3: 0, 4: 0}",1
269,False,"{'a': 0.5, 'e': 0.0676444472200646}",20,11,16.09153534710195,"{0: 9, 1: 0, 2: 0, 3: 0, 4: 0}",1
270,False,"{'a': 0.5, 'e': 0.06696800274786396}",20,14,9.86861487158444,"{0: 6, 1: 0, 2: 0, 3: 0, 4: 0}",1
271,False,"{'a': 0.5, 'e': 0.06629832272038531}",30,11,23.283658790940812,"{0: 18, 1: 0, 2: 1, 3: 0, 4: 0}",1
272,False,"{'a': 0.5, 'e': 0.06563533949318147}",20,6,25.566098771405183,"{0: 14, 1: 0, 2: 0, 3: 0, 4: 0}",1
273,False,"{'a': 0.5, 'e': 0.06497898609824965}",20,16,7.848140007248085,"{0: 4, 1: 0, 2: 0, 3: 0, 4: 0}",1
274,False,"{'a': 0.5, 'e': 0.06432919623726716}",35,21,27.71854776945953,"{0: 14, 1: 0, 2: 0, 3: 0, 4: 0}",1
275,False,"{'a': 0.5, 'e': 0.06368590427489448}",30,20,-23.20446154750927,"{0: 9, 1: 0, 2: 0, 3: 0, 4: 1}",1
276,False,"{'a': 0.5, 'e': 0.06304904523214554}",25,6,19.712373481140958,"{0: 18, 1: 0, 2: 1, 3: 0, 4: 0}",1
277,False,"{'a': 0.5, 'e': 0.06241855477982408}",25,15,6.087277183956409,"{0: 9, 1: 0, 2: 1, 3: 0, 4: 0}",1
278,False,"{'a': 0.5, 'e': 0.06179436923202584}",20,12,15.89647708553022,"{0: 8, 1: 0, 2: 0, 3: 0, 4: 0}",1
279,False,"{'a': 0.5, 'e': 0.06117642553970558}",20,14,-11.822996667619618,"{0: 5, 1: 0, 2: 0, 3: 1, 4: 0}",1
280,False,"{'a': 0.5, 'e': 0.06056466128430853}",20,0,19.82893280934923,"{0: 19, 1: 1, 2: 0, 3: 0, 4: 0}",0
281,False,"{'a': 0.5, 'e': 0.05995901467146544}",25,11,28.196272193847594,"{0: 14, 1: 0, 2: 0, 3: 0, 4: 0}",1
282,False,"{'a': 0.5, 'e': 0.059359424524750785}",20,12,14.105517098747981,"{0: 8, 1: 0, 2: 0, 3: 0, 4: 0}",1
283,False,"{'a': 0.5, 'e': 0.05876583027950327}",20,14,11.985350540547167,"{0: 6, 1: 0, 2: 0, 3: 0, 4: 0}",1
284,False,"{'a': 0.5, 'e': 0.05817817197670824}",25,3,-7.124180646323191,"{0: 21, 1: 0, 2: 0, 3: 0, 4: 1}",1
285,False,"{'a': 0.5, 'e': 0.05759639025694116}",20,12,13.261325569527738,"{0: 8, 1: 0, 2: 0, 3: 0, 4: 0}",1
286,False,"{'a': 0.5, 'e': 0.057020426354371746}",30,10,8.704062276710804,"{0: 18, 1: 0, 2: 2, 3: 0, 4: 0}",1
287,False,"{'a': 0.5, 'e': 0.05645022209082803}",20,9,-24.368752833833366,"{0: 10, 1: 0, 2: 0, 3: 0, 4: 1}",1
288,False,"{'a': 0.5, 'e': 0.05588571986991975}",25,18,12.978248154060203,"{0: 7, 1: 0, 2: 0, 3: 0, 4: 0}",1
289,False,"{'a': 0.5, 'e': 0.05532686267122055}",30,14,12.301090360201254,"{0: 15, 1: 0, 2: 1, 3: 0, 4: 0}",1
290,False,"{'a': 0.5, 'e': 0.05477359404450834}",25,19,11.219573795609199,"{0: 6, 1: 0, 2: 0, 3: 0, 4: 0}",1
291,False,"{'a': 0.5, 'e': 0.05422585810406326}",30,18,24.33984663367827,"{0: 12, 1: 0, 2: 0, 3: 0, 4: 0}",1
292,False,"{'a': 0.5, 'e': 0.05368359952302263}",25,19,9.562860959714055,"{0: 6, 1: 0, 2: 0, 3: 0, 4: 0}",1
293,False,"{'a': 0.5, 'e': 0.0531467635277924}",30,8,16.705346103550955,"{0: 21, 1: 0, 2: 0, 3: 1, 4: 0}",1
294,False,"{'a': 0.5, 'e': 0.05261529589251448}",20,3,30.908616353610142,"{0: 17, 1: 0, 2: 0, 3: 0, 4: 0}",1
295,False,"{'a': 0.5, 'e': 0.05208914293358933}",30,14,21.110897105898605,"{0: 15, 1: 1, 2: 0, 3: 0, 4: 0}",1
296,False,"{'a': 0.5, 'e': 0.05156825150425344}",20,9,18.180226848841865,"{0: 11, 1: 0, 2: 0, 3: 0, 4: 0}",1
297,False,"{'a': 0.5, 'e': 0.0510525689892109}",25,17,15.202452989031316,"{0: 8, 1: 0, 2: 0, 3: 0, 4: 0}",1
298,False,"{'a': 0.5, 'e': 0.050542043299318794}",25,13,16.027354788013454,"{0: 11, 1: 1, 2: 0, 3: 0, 4: 0}",1
299,False,"{'a': 0.5, 'e': 0.050036622866325604}",20,14,10.954872587508794,"{0: 6, 1: 0, 2: 0, 3: 0, 4: 0}",1
300,False,"{'a': 0.5, 'e': 0.04953625663766235}",25,10,13.773230660709721,"{0: 14, 1: 0, 2: 1, 3: 0, 4: 0}",1
301,False,"{'a': 0.5, 'e': 0.04904089407128572}",25,16,19.676549885633964,"{0: 9, 1: 0, 2: 0, 3: 0, 4: 0}",1
302,False,"{'a': 0.5, 'e': 0.04855048513057287}",35,20,5.992088737429992,"{0: 13, 1: 1, 2: 1, 3: 0, 4: 0}",1
303,False,"{'a': 0.5, 'e': 0.04806498027926714}",20,14,11.449978123464478,"{0: 6, 1: 0, 2: 0, 3: 0, 4: 0}",1
304,False,"{'a': 0.5, 'e': 0.047584330476474465}",35,24,20.59996719199039,"{0: 11, 1: 0, 2: 0, 3: 0, 4: 0}",1
305,False,"{'a': 0.5, 'e': 0.04710848717170972}",20,9,21.920514836492558,"{0: 11, 1: 0, 2: 0, 3: 0, 4: 0}",1
306,False,"{'a': 0.5, 'e': 0.04663740229999262}",25,14,-0.6073340692690001,"{0: 10, 1: 0, 2: 0, 3: 1, 4: 0}",1
307,False,"{'a': 0.5, 'e': 0.046171028276992696}",30,0,45.91881941115416,"{0: 30, 1: 0, 2: 0, 3: 0, 4: 0}",0
308,False,"{'a': 0.5, 'e': 0.045709317994222766}",25,15,16.51490507876987,"{0: 10, 1: 0, 2: 0, 3: 0, 4: 0}",1
309,False,"{'a': 0.5, 'e': 0.04525222481428054}",20,0,12.060815835096655,"{0: 19, 1: 0, 2: 0, 3: 1, 4: 0}",0
310,False,"{'a': 0.5, 'e': 0.04479970256613774}",20,12,-26.025700198926366,"{0: 7, 1: 0, 2: 0, 3: 0, 4: 1}",1
311,False,"{'a': 0.5, 'e': 0.044351705540476356}",20,12,15.061056337984496,"{0: 8, 1: 0, 2: 0, 3: 0, 4: 0}",1
312,False,"{'a': 0.5, 'e': 0.043908188485071595}",20,14,11.783747081789876,"{0: 6, 1: 0, 2: 0, 3: 0, 4: 0}",1
313,False,"{'a': 0.5, 'e': 0.04346910660022088}",25,10,28.009868288567738,"{0: 15, 1: 0, 2: 0, 3: 0, 4: 0}",1
314,False,"{'a': 0.5, 'e': 0.04303441553421867}",20,9,21.073567895933127,"{0: 11, 1: 0, 2: 0, 3: 0, 4: 0}",1
315,False,"{'a': 0.5, 'e': 0.04260407137887648}",20,12,9.196445466149886,"{0: 7, 1: 1, 2: 0, 3: 0, 4: 0}",1
316,False,"{'a': 0.5, 'e': 0.04217803066508771}",30,5,-25.16054916680544,"{0: 23, 1: 0, 2: 0, 3: 1, 4: 1}",1
317,False,"{'a': 0.5, 'e': 0.04175625035843684}",25,13,22.227566155327438,"{0: 12, 1: 0, 2: 0, 3: 0, 4: 0}",1
318,False,"{'a': 0.5, 'e': 0.041338687854852466}",25,10,27.82053747513797,"{0: 15, 1: 0, 2: 0, 3: 0, 4: 0}",1
319,False,"{'a': 0.5, 'e': 0.040925300976303945}",20,12,15.267457227663083,"{0: 8, 1: 0, 2: 0, 3: 0, 4: 0}",1
320,False,"{'a': 0.5, 'e': 0.0405160479665409}",25,3,-12.325103865005621,"{0: 21, 1: 0, 2: 0, 3: 0, 4: 1}",1
321,False,"{'a': 0.5, 'e': 0.040110887486875496}",20,6,25.660175932783314,"{0: 14, 1: 0, 2: 0, 3: 0, 4: 0}",1
322,False,"{'a': 0.5, 'e': 0.03970977861200674}",20,6,18.410746143171856,"{0: 13, 1: 1, 2: 0, 3: 0, 4: 0}",1
323,False,"{'a': 0.5, 'e': 0.039312680825886674}",20,11,16.58874570602934,"{0: 9, 1: 0, 2: 0, 3: 0, 4: 0}",1
324,False,"{'a': 0.5, 'e': 0.038919554017627804}",20,13,15.168231214974737,"{0: 7, 1: 0, 2: 0, 3: 0, 4: 0}",1
325,False,"{'a': 0.5, 'e': 0.03853035847745152}",30,13,21.13580086519866,"{0: 16, 1: 0, 2: 1, 3: 0, 4: 0}",1
326,False,"{'a': 0.5, 'e': 0.03814505489267701}",20,14,10.701251094808683,"{0: 6, 1: 0, 2: 0, 3: 0, 4: 0}",1
327,False,"{'a': 0.5, 'e': 0.03776360434375024}",25,20,9.711401037116783,"{0: 5, 1: 0, 2: 0, 3: 0, 4: 0}",1
328,False,"{'a': 0.5, 'e': 0.03738596830031274}",30,8,41.34544155543882,"{0: 22, 1: 0, 2: 0, 3: 0, 4: 0}",1
329,False,"{'a': 0.5, 'e': 0.03701210861730961}",30,16,27.59013053884663,"{0: 14, 1: 0, 2: 0, 3: 0, 4: 0}",1
330,False,"{'a': 0.5, 'e': 0.03664198753113651}",25,18,6.086893146870755,"{0: 6, 1: 1, 2: 0, 3: 0, 4: 0}",1
331,False,"{'a': 0.5, 'e': 0.036275567655825146}",20,11,15.633124667544301,"{0: 9, 1: 0, 2: 0, 3: 0, 4: 0}",1
332,False,"{'a': 0.5, 'e': 0.03591281197926689}",25,10,26.969924819798763,"{0: 15, 1: 0, 2: 0, 3: 0, 4: 0}",1
333,False,"{'a': 0.5, 'e': 0.03555368385947423}",35,25,17.681449870332326,"{0: 10, 1: 0, 2: 0, 3: 0, 4: 0}",1
334,False,"{'a': 0.5, 'e': 0.035198147020879485}",20,6,25.068721827038946,"{0: 14, 1: 0, 2: 0, 3: 0, 4: 0}",1
335,False,"{'a': 0.5, 'e': 0.03484616555067069}",20,6,25.711449307590016,"{0: 14, 1: 0, 2: 0, 3: 0, 4: 0}",1
336,False,"{'a': 0.5, 'e': 0.03449770389516398}",25,8,32.3248111639239,"{0: 17, 1: 0, 2: 0, 3: 0, 4: 0}",1
337,False,"{'a': 0.5, 'e': 0.03415272685621234}",25,17,16.85091698308587,"{0: 8, 1: 0, 2: 0, 3: 0, 4: 0}",1
338,False,"{'a': 0.5, 'e': 0.03381119958765022}",20,6,26.538333036837596,"{0: 14, 1: 0, 2: 0, 3: 0, 4: 0}",1
339,False,"{'a': 0.5, 'e': 0.03347308759177372}",20,2,28.03424193519985,"{0: 18, 1: 0, 2: 0, 3: 0, 4: 0}",1
340,False,"{'a': 0.5, 'e': 0.03313835671585598}",25,10,29.21935249427282,"{0: 15, 1: 0, 2: 0, 3: 0, 4: 0}",1
341,False,"{'a': 0.5, 'e': 0.03280697314869742}",20,16,7.553488044855786,"{0: 4, 1: 0, 2: 0, 3: 0, 4: 0}",1
342,False,"{'a': 0.5, 'e': 0.03247890341721044}",20,8,22.269410539337347,"{0: 12, 1: 0, 2: 0, 3: 0, 4: 0}",1
343,False,"{'a': 0.5, 'e': 0.03215411438303834}",30,8,18.13437729004676,"{0: 21, 1: 0, 2: 0, 3: 1, 4: 0}",1
344,False,"{'a': 0.5, 'e': 0.031832573239207955}",20,2,32.27726037301251,"{0: 18, 1: 0, 2: 0, 3: 0, 4: 0}",1
345,False,"{'a': 0.5, 'e': 0.031514247506815876}",20,0,20.483065050769376,"{0: 19, 1: 0, 2: 1, 3: 0, 4: 0}",0
346,False,"{'a': 0.5, 'e': 0.031199105031747717}",20,8,12.151859347555808,"{0: 11, 1: 0, 2: 1, 3: 0, 4: 0}",1
347,False,"{'a': 0.5, 'e': 0.03088711398143024}",35,13,34.2262273059537,"{0: 22, 1: 0, 2: 0, 3: 0, 4: 0}",1
348,False,"{'a': 0.5, 'e': 0.030578242841615935}",30,12,25.819092570101354,"{0: 18, 1: 0, 2: 0, 3: 0, 4: 0}",1
349,False,"{'a': 0.5, 'e': 0.030272460413199778}",20,14,11.991491210752105,"{0: 6, 1: 0, 2: 0, 3: 0, 4: 0}",1
350,False,"{'a': 0.5, 'e': 0.02996973580906778}",20,2,27.41703968882337,"{0: 18, 1: 0, 2: 0, 3: 0, 4: 0}",1
351,False,"{'a': 0.5, 'e': 0.0296700384509771}",25,14,22.255778380553227,"{0: 11, 1: 0, 2: 0, 3: 0, 4: 0}",1
352,False,"{'a': 0.5, 'e': 0.02937333806646733}",25,6,31.055222890466837,"{0: 19, 1: 0, 2: 0, 3: 0, 4: 0}",1
353,False,"{'a': 0.5, 'e': 0.029079604685802656}",20,0,30.69740989386483,"{0: 20, 1: 0, 2: 0, 3: 0, 4: 0}",1
354,False,"{'a': 0.5, 'e': 0.02878880863894463}",20,6,28.39930112500356,"{0: 14, 1: 0, 2: 0, 3: 0, 4: 0}",1
355,False,"{'a': 0.5, 'e': 0.02850092055255518}",30,16,16.0454519471526,"{0: 13, 1: 0, 2: 1, 3: 0, 4: 0}",1
356,False,"{'a': 0.5, 'e': 0.02821591134702963}",20,7,21.775740922084697,"{0: 13, 1: 0, 2: 0, 3: 0, 4: 0}",1
357,False,"{'a': 0.5, 'e': 0.027933752233559334}",25,15,20.693264675428686,"{0: 10, 1: 0, 2: 0, 3: 0, 4: 0}",1
358,False,"{'a': 0.5, 'e': 0.027654414711223742}",30,3,41.261334420833506,"{0: 27, 1: 0, 2: 0, 3: 0, 4: 0}",1
359,False,"{'a': 0.5, 'e': 0.027377870564111503}",20,0,30.107110014048615,"{0: 20, 1: 0, 2: 0, 3: 0, 4: 0}",0
360,False,"{'a': 0.5, 'e': 0.027104091858470385}",20,10,16.6012009667612,"{0: 10, 1: 0, 2: 0, 3: 0, 4: 0}",1
361,False,"{'a': 0.5, 'e': 0.026833050939885684}",25,10,24.887337402245947,"{0: 15, 1: 0, 2: 0, 3: 0, 4: 0}",1
362,False,"{'a': 0.5, 'e': 0.026564720430486827}",25,8,-16.18883536522294,"{0: 16, 1: 0, 2: 0, 3: 0, 4: 1}",1
363,False,"{'a': 0.5, 'e': 0.026299073226181958}",35,22,21.149312413213096,"{0: 13, 1: 0, 2: 0, 3: 0, 4: 0}",1
364,False,"{'a': 0.5, 'e': 0.026036082493920136}",30,17,28.074786553405964,"{0: 13, 1: 0, 2: 0, 3: 0, 4: 0}",1
365,False,"{'a': 0.5, 'e': 0.025775721668980935}",25,15,16.803680148240616,"{0: 10, 1: 0, 2: 0, 3: 0, 4: 0}",1
366,False,"{'a': 0.5, 'e': 0.025517964452291125}",30,12,30.33431565455965,"{0: 18, 1: 0, 2: 0, 3: 0, 4: 0}",1
367,False,"{'a': 0.5, 'e': 0.025262784807768213}",20,3,20.87024559228478,"{0: 16, 1: 0, 2: 1, 3: 0, 4: 0}",1
368,False,"{'a': 0.5, 'e': 0.025010156959690534}",35,12,36.86741830562531,"{0: 23, 1: 0, 2: 0, 3: 0, 4: 0}",1
369,False,"{'a': 0.5, 'e': 0.024760055390093627}",20,13,10.881024543801804,"{0: 7, 1: 0, 2: 0, 3: 0, 4: 0}",1
370,False,"{'a': 0.5, 'e': 0.02451245483619269}",25,15,16.227818839357724,"{0: 10, 1: 0, 2: 0, 3: 0, 4: 0}",1
371,False,"{'a': 0.5, 'e': 0.024267330287830763}",25,10,-55.335271963585136,"{0: 13, 1: 0, 2: 0, 3: 0, 4: 2}",1
372,False,"{'a': 0.5, 'e': 0.024024656984952455}",25,13,22.962960046165872,"{0: 12, 1: 0, 2: 0, 3: 0, 4: 0}",1
373,False,"{'a': 0.5, 'e': 0.02378441041510293}",30,15,28.42230617173417,"{0: 15, 1: 0, 2: 0, 3: 0, 4: 0}",1
374,False,"{'a': 0.5, 'e': 0.0235465663109519}",20,7,20.98708397879933,"{0: 13, 1: 0, 2: 0, 3: 0, 4: 0}",1
375,False,"{'a': 0.5, 'e': 0.02331110064784238}",30,6,40.376119051512916,"{0: 24, 1: 0, 2: 0, 3: 0, 4: 0}",1
376,False,"{'a': 0.5, 'e': 0.02307798964136396}",20,6,-16.444286170395817,"{0: 12, 1: 0, 2: 0, 3: 2, 4: 0}",1
377,False,"{'a': 0.5, 'e': 0.022847209744950317}",20,14,13.56235512164915,"{0: 6, 1: 0, 2: 0, 3: 0, 4: 0}",1
378,False,"{'a': 0.5, 'e': 0.022618737647500817}",35,21,18.15130415312649,"{0: 13, 1: 0, 2: 1, 3: 0, 4: 0}",1
379,False,"{'a': 0.5, 'e': 0.022392550271025807}",20,14,11.529714413811924,"{0: 6, 1: 0, 2: 0, 3: 0, 4: 0}",1
380,False,"{'a': 0.5, 'e': 0.022168624768315548}",20,13,15.151766592157282,"{0: 7, 1: 0, 2: 0, 3: 0, 4: 0}",1
381,False,"{'a': 0.5, 'e': 0.021946938520632394}",20,7,23.744609649481802,"{0: 13, 1: 0, 2: 0, 3: 0, 4: 0}",1
382,False,"{'a': 0.5, 'e': 0.02172746913542607}",20,6,9.67157469676435,"{0: 13, 1: 0, 2: 1, 3: 0, 4: 0}",1
383,False,"{'a': 0.5, 'e': 0.021510194444071807}",30,16,4.9630580670828515,"{0: 13, 1: 0, 2: 0, 3: 1, 4: 0}",1
384,False,"{'a': 0.5, 'e': 0.021295092499631088}",25,15,18.16972801984947,"{0: 10, 1: 0, 2: 0, 3: 0, 4: 0}",1
385,False,"{'a': 0.5, 'e': 0.02108214157463478}",20,6,-18.460966763884496,"{0: 13, 1: 0, 2: 0, 3: 0, 4: 1}",1
386,False,"{'a': 0.5, 'e': 0.02087132015888843}",30,13,30.671918512008013,"{0: 17, 1: 0, 2: 0, 3: 0, 4: 0}",1
387,False,"{'a': 0.5, 'e': 0.020662606957299545}",25,19,9.710503534497889,"{0: 6, 1: 0, 2: 0, 3: 0, 4: 0}",1
388,False,"{'a': 0.5, 'e': 0.02045598088772655}",25,11,26.019856152661077,"{0: 14, 1: 0, 2: 0, 3: 0, 4: 0}",1
389,False,"{'a': 0.5, 'e': 0.020251421078849283}",35,21,27.160983648361007,"{0: 14, 1: 0, 2: 0, 3: 0, 4: 0}",1
390,False,"{'a': 0.5, 'e': 0.02004890686806079}",25,10,23.01633124946916,"{0: 15, 1: 0, 2: 0, 3: 0, 4: 0}",1
391,False,"{'a': 0.5, 'e': 0.019848417799380184}",20,12,11.186661186417401,"{0: 8, 1: 0, 2: 0, 3: 0, 4: 0}",1
392,False,"{'a': 0.5, 'e': 0.01964993362138638}",20,2,28.960404244190542,"{0: 18, 1: 0, 2: 0, 3: 0, 4: 0}",1
393,False,"{'a': 0.5, 'e': 0.019453434285172516}",25,9,15.753958859836978,"{0: 15, 1: 0, 2: 1, 3: 0, 4: 0}",1
394,False,"{'a': 0.5, 'e': 0.01925889994232079}",20,6,25.976804213494393,"{0: 14, 1: 0, 2: 0, 3: 0, 4: 0}",1
395,False,"{'a': 0.5, 'e': 0.019066310942897586}",20,2,33.04740255764767,"{0: 18, 1: 0, 2: 0, 3: 0, 4: 0}",1
396,False,"{'a': 0.5, 'e': 0.01887564783346861}",20,8,16.197495426864293,"{0: 12, 1: 0, 2: 0, 3: 0, 4: 0}",1
397,False,"{'a': 0.5, 'e': 0.018686891355133923}",20,9,20.45687055797439,"{0: 11, 1: 0, 2: 0, 3: 0, 4: 0}",1
398,False,"{'a': 0.5, 'e': 0.01850002244158258}",25,8,5.102389304420079,"{0: 16, 1: 0, 2: 0, 3: 1, 4: 0}",1
399,False,"{'a': 0.5, 'e': 0.018315022217166757}",20,10,19.51905218895315,"{0: 10, 1: 0, 2: 0, 3: 0, 4: 0}",1
400,False,"{'a': 0.5, 'e': 0.018131871994995087}",30,19,20.94128175239826,"{0: 11, 1: 0, 2: 0, 3: 0, 4: 0}",1
401,False,"{'a': 0.5, 'e': 0.017950553275045137}",25,6,31.124268104584623,"{0: 19, 1: 0, 2: 0, 3: 0, 4: 0}",1
402,False,"{'a': 0.5, 'e': 0.017771047742294686}",20,10,16.74930975265448,"{0: 10, 1: 0, 2: 0, 3: 0, 4: 0}",1
403,False,"{'a': 0.5, 'e': 0.01759333726487174}",30,18,20.777392689269764,"{0: 12, 1: 0, 2: 0, 3: 0, 4: 0}",1
404,False,"{'a': 0.5, 'e': 0.017417403892223023}",20,10,20.08028207868045,"{0: 10, 1: 0, 2: 0, 3: 0, 4: 0}",1
405,False,"{'a': 0.5, 'e': 0.01724322985330079}",20,5,24.109398519750314,"{0: 15, 1: 0, 2: 0, 3: 0, 4: 0}",1
406,False,"{'a': 0.5, 'e': 0.017070797554767782}",25,17,15.412056324356099,"{0: 8, 1: 0, 2: 0, 3: 0, 4: 0}",1
407,False,"{'a': 0.5, 'e': 0.016900089579220106}",30,21,13.499941485283218,"{0: 9, 1: 0, 2: 0, 3: 0, 4: 0}",1
408,False,"{'a': 0.5, 'e': 0.016731088683427903}",20,9,20.59162399726404,"{0: 11, 1: 0, 2: 0, 3: 0, 4: 0}",1
409,False,"{'a': 0.5, 'e': 0.016563777796593626}",25,17,16.84610370481962,"{0: 8, 1: 0, 2: 0, 3: 0, 4: 0}",1
410,False,"{'a': 0.5, 'e': 0.016398140018627688}",30,18,-0.27122317210303026,"{0: 11, 1: 0, 2: 0, 3: 1, 4: 0}",1
411,False,"{'a': 0.5, 'e': 0.01623415861844141}",20,10,19.210780825212243,"{0: 10, 1: 0, 2: 0, 3: 0, 4: 0}",1
412,False,"{'a': 0.5, 'e': 0.016071817032256998}",25,0,37.89870482447149,"{0: 25, 1: 0, 2: 0, 3: 0, 4: 0}",0
413,False,"{'a': 0.5, 'e': 0.015911098861934425}",20,16,6.400397100929107,"{0: 4, 1: 0, 2: 0, 3: 0, 4: 0}",1
414,False,"{'a': 0.5, 'e': 0.015751987873315082}",20,13,-21.139050937984177,"{0: 5, 1: 0, 2: 1, 3: 1, 4: 0}",1
415,False,"{'a': 0.5, 'e': 0.015594467994581931}",35,23,24.37165927908805,"{0: 12, 1: 0, 2: 0, 3: 0, 4: 0}",1
416,False,"{'a': 0.5, 'e': 0.015438523314636111}",25,15,15.992988611176676,"{0: 10, 1: 0, 2: 0, 3: 0, 4: 0}",1
417,False,"{'a': 0.5, 'e': 0.01528413808148975}",20,12,15.210472931076469,"{0: 8, 1: 0, 2: 0, 3: 0, 4: 0}",1
418,False,"{'a': 0.5, 'e': 0.015131296700674854}",25,11,-13.737713804652888,"{0: 13, 1: 0, 2: 0, 3: 0, 4: 1}",1
419,False,"{'a': 0.5, 'e': 0.014979983733668104}",25,8,30.62215429690741,"{0: 17, 1: 0, 2: 0, 3: 0, 4: 0}",1
420,False,"{'a': 0.5, 'e': 0.014830183896331423}",30,12,30.717917612701154,"{0: 18, 1: 0, 2: 0, 3: 0, 4: 0}",1
421,False,"{'a': 0.5, 'e': 0.014681882057368109}",30,15,26.801837721110914,"{0: 15, 1: 0, 2: 0, 3: 0, 4: 0}",1
422,False,"{'a': 0.5, 'e': 0.014535063236794427}",30,4,47.64700782986137,"{0: 26, 1: 0, 2: 0, 3: 0, 4: 0}",1
423,False,"{'a': 0.5, 'e': 0.014389712604426484}",35,22,20.153138886764744,"{0: 13, 1: 0, 2: 0, 3: 0, 4: 0}",1
424,False,"{'a': 0.5, 'e': 0.014245815478382218}",20,3,26.757083045075703,"{0: 17, 1: 0, 2: 0, 3: 0, 4: 0}",1
425,False,"{'a': 0.5, 'e': 0.014103357323598397}",20,14,13.470873929227073,"{0: 6, 1: 0, 2: 0, 3: 0, 4: 0}",1
426,False,"{'a': 0.5, 'e': 0.013962323750362412}",35,25,16.336151017888273,"{0: 10, 1: 0, 2: 0, 3: 0, 4: 0}",1
427,False,"{'a': 0.5, 'e': 0.013822700512858787}",30,17,27.055123556196143,"{0: 13, 1: 0, 2: 0, 3: 0, 4: 0}",1
428,False,"{'a': 0.5, 'e': 0.013684473507730199}",25,13,-1.2584394675962316,"{0: 11, 1: 0, 2: 0, 3: 1, 4: 0}",1
429,False,"{'a': 0.5, 'e': 0.013547628772652897}",20,10,17.591726076729618,"{0: 10, 1: 0, 2: 0, 3: 0, 4: 0}",1
430,False,"{'a': 0.5, 'e': 0.013412152484926368}",20,13,12.95462206810154,"{0: 7, 1: 0, 2: 0, 3: 0, 4: 0}",1
431,False,"{'a': 0.5, 'e': 0.013278030960077104}",20,4,21.70543650022943,"{0: 16, 1: 0, 2: 0, 3: 0, 4: 0}",1
432,False,"{'a': 0.5, 'e': 0.013145250650476333}",30,13,34.12748109522325,"{0: 17, 1: 0, 2: 0, 3: 0, 4: 0}",1
433,False,"{'a': 0.5, 'e': 0.01301379814397157}",25,17,16.199220067593554,"{0: 8, 1: 0, 2: 0, 3: 0, 4: 0}",1
434,False,"{'a': 0.5, 'e': 0.012883660162531854}",25,14,16.82646346402192,"{0: 11, 1: 0, 2: 0, 3: 0, 4: 0}",1
435,False,"{'a': 0.5, 'e': 0.012754823560906535}",25,18,13.202966200348554,"{0: 7, 1: 0, 2: 0, 3: 0, 4: 0}",1
436,False,"{'a': 0.5, 'e': 0.01262727532529747}",30,18,22.682062825990403,"{0: 12, 1: 0, 2: 0, 3: 0, 4: 0}",1
437,False,"{'a': 0.5, 'e': 0.012501002572044496}",20,14,12.53624106231323,"{0: 6, 1: 0, 2: 0, 3: 0, 4: 0}",1
438,False,"{'a': 0.5, 'e': 0.01237599254632405}",20,8,17.502837588960187,"{0: 12, 1: 0, 2: 0, 3: 0, 4: 0}",1
439,False,"{'a': 0.5, 'e': 0.012252232620860809}",20,0,31.280491217732305,"{0: 20, 1: 0, 2: 0, 3: 0, 4: 0}",0
440,False,"{'a': 0.5, 'e': 0.012129710294652202}",30,13,26.773492337822113,"{0: 17, 1: 0, 2: 0, 3: 0, 4: 0}",1
441,False,"{'a': 0.5, 'e': 0.01200841319170568}",20,15,8.00786010052105,"{0: 5, 1: 0, 2: 0, 3: 0, 4: 0}",1
442,False,"{'a': 0.5, 'e': 0.011888329059788622}",25,13,20.807749466837556,"{0: 12, 1: 0, 2: 0, 3: 0, 4: 0}",1
443,False,"{'a': 0.5, 'e': 0.011769445769190737}",20,2,16.64784308950624,"{0: 17, 1: 0, 2: 1, 3: 0, 4: 0}",1
444,False,"{'a': 0.5, 'e': 0.011651751311498829}",20,16,9.370062299980123,"{0: 4, 1: 0, 2: 0, 3: 0, 4: 0}",1
445,False,"{'a': 0.5, 'e': 0.01153523379838384}",20,6,24.174306236351548,"{0: 14, 1: 0, 2: 0, 3: 0, 4: 0}",1
446,False,"{'a': 0.5, 'e': 0.011419881460400001}",20,3,24.44310691693368,"{0: 16, 1: 1, 2: 0, 3: 0, 4: 0}",1
447,False,"{'a': 0.5, 'e': 0.011305682645796001}",25,0,32.07097476431539,"{0: 25, 1: 0, 2: 0, 3: 0, 4: 0}",0
448,False,"{'a': 0.5, 'e': 0.011192625819338041}",20,9,19.37998744708527,"{0: 11, 1: 0, 2: 0, 3: 0, 4: 0}",1
449,False,"{'a': 0.5, 'e': 0.011080699561144661}",20,8,21.975888862977623,"{0: 12, 1: 0, 2: 0, 3: 0, 4: 0}",1
450,False,"{'a': 0.5, 'e': 0.010969892565533214}",20,14,14.70750848385549,"{0: 6, 1: 0, 2: 0, 3: 0, 4: 0}",1
451,False,"{'a': 0.5, 'e': 0.010860193639877882}",20,12,12.171762809556341,"{0: 8, 1: 0, 2: 0, 3: 0, 4: 0}",1
452,False,"{'a': 0.5, 'e': 0.010751591703479103}",25,11,23.192577118768355,"{0: 14, 1: 0, 2: 0, 3: 0, 4: 0}",1
453,False,"{'a': 0.5, 'e': 0.010644075786444312}",20,16,9.470901760610232,"{0: 4, 1: 0, 2: 0, 3: 0, 4: 0}",1
454,False,"{'a': 0.5, 'e': 0.01053763502857987}",25,16,18.956523128335714,"{0: 9, 1: 0, 2: 0, 3: 0, 4: 0}",1
455,False,"{'a': 0.5, 'e': 0.01043225867829407}",20,13,12.400351136997875,"{0: 7, 1: 0, 2: 0, 3: 0, 4: 0}",1
456,False,"{'a': 0.5, 'e': 0.01032793609151113}",20,12,12.325416604079894,"{0: 8, 1: 0, 2: 0, 3: 0, 4: 0}",1
457,False,"{'a': 0.5, 'e': 0.010224656730596018}",25,11,27.319824626501923,"{0: 14, 1: 0, 2: 0, 3: 0, 4: 0}",1
458,False,"{'a': 0.5, 'e': 0.010122410163290057}",30,8,37.45186163705911,"{0: 22, 1: 0, 2: 0, 3: 0, 4: 0}",1
459,False,"{'a': 0.5, 'e': 0.010021186061657156}",25,16,12.98404267589969,"{0: 9, 1: 0, 2: 0, 3: 0, 4: 0}",1
460,False,"{'a': 0.5, 'e': 0.009920974201040586}",20,9,20.915286119180415,"{0: 11, 1: 0, 2: 0, 3: 0, 4: 0}",1
1,True,"{'a': 0.5, 'e': 0.009821764459030179}",25,13,24.207522530778053,"{0: 12, 1: 0, 2: 0, 3: 0, 4: 0}",1
2,True,"{'a': 0.5, 'e': 0.009723546814439878}",30,18,20.053998443701815,"{0: 12, 1: 0, 2: 0, 3: 0, 4: 0}",1
3,True,"{'a': 0.5, 'e': 0.009626311346295479}",25,20,10.918462536071324,"{0: 5, 1: 0, 2: 0, 3: 0, 4: 0}",1
4,True,"{'a': 0.5, 'e': 0.009530048232832523}",25,11,28.19551684517587,"{0: 14, 1: 0, 2: 0, 3: 0, 4: 0}",1
5,True,"{'a': 0.5, 'e': 0.009434747750504199}",20,12,18.72754478568999,"{0: 8, 1: 0, 2: 0, 3: 0, 4: 0}",1
6,True,"{'a': 0.5, 'e': 0.009340400272999157}",20,10,17.308322078649436,"{0: 10, 1: 0, 2: 0, 3: 0, 4: 0}",1
7,True,"{'a': 0.5, 'e': 0.009246996270269165}",25,20,9.998621964099684,"{0: 5, 1: 0, 2: 0, 3: 0, 4: 0}",1
8,True,"{'a': 0.5, 'e': 0.009154526307566474}",20,10,19.382480812991158,"{0: 10, 1: 0, 2: 0, 3: 0, 4: 0}",1
9,True,"{'a': 0.5, 'e': 0.009062981044490808}",25,19,11.104292465749086,"{0: 6, 1: 0, 2: 0, 3: 0, 4: 0}",1
10,True,"{'a': 0.5, 'e': 0.0089723512340459}",20,11,17.36537330219049,"{0: 9, 1: 0, 2: 0, 3: 0, 4: 0}",1
